id	audio	n_frames	tgt_text	src_text
			Seine Aussage hier unten bedeutet soviel wie: "Greife an, wo er unvorbereitet ist, erscheine, wo du nicht erwartest wird." Es sieht nicht so gut für China und die USA aus.	he wrote "the art of war," and if you see his statement underneath, it's along these lines: "attack him where he is unprepared, appear where you are not expected." not looking good so far for china and the united states.
			Stattdessen begann ich damit, über andere Leute als mich zu schreiben und über Dinge, die niemals wirklich passiert sind.	instead, i began to write about people other than me and things that never really happened.
			Und was ganz wichtig ist, du findest dann die wahre Liebe, wenn du sie am wenigsten erwartest. "	and most importantly, true love will find you when you least expect it. "
			Das ist eine großartige Darstellung davon.	so it's a great illustration of that.
			Ich verbrachte die meiste Zeit auf einem kleinen Außenposten namens Restrepo.	i spent most of my time at a small outpost called restrepo.
			Nun war Suharto ein Diktator, ein böser noch dazu.	now, suharto had been a dictator, and a nasty one.
			Ich weiß, warum ich hier bin.	now i know why i'm here.
			Wenigstens patentierten sie etwas, mit dem man nützliche Dinge tun konnte.	at least they patented something which, you know, could do useful things.
			Und wie alle guten Seifenopern macht sie einen Sprung von 20 Jahren, wenn sich das Interesse der Zuschauer ändert.	and like all good soaps, it jumps 20 years when the audience interest changes.
			Halten Sie, was Sie versprechen.	talk should not be cheap.
			Man muss auch Zurückhaltung zeigen können, gerade wenn es das letzte ist, was Sie tun möchten.	it takes showing restraint, too, just when that's the last thing you want to do.
			Wir beginnen, in dem wir die Führungsstimme in zwei Sequenz-Siftable einspeisen und diese in einer Reihe anordnen, sie erweitern und ein bisschen mehr der Stimme hinzufügen.	dm: we'll start by putting a lead into two sequence siftables, arrange them into a series, extend it, add a little more lead.
			Sehen wir uns mal an, warum der Roman und die Eifersucht, die Eifersucht und Proust so gut zusammenpassen.	let's look at why they go so well together, the novel and jealousy, jealousy and proust.
			Normale Frösche kümmern sich nach dem Laichen überhaupt nicht mehr um die Eier, Aber der hier hat die befruchteten Eier verschluckt und sie bei genügend Futter in seinem Magen nicht verdaut, sondern den Magen in eine Gebärmutter verwandelt.	unlike a normal frog, which lays its eggs in the water and goes away and wishes its froglets well, this frog swallowed its fertilized eggs, swallowed them into the stomach, where it should be having food, didn't digest the eggs, and turned its stomach into a uterus.
			Es war eigentlich lächerlich, aber mir fiel nichts Besseres ein, und so stand ich da.	it was a ridiculous thing to do, really, but i couldn't think of anything else, and so there i stood.
			Ich wollte eine sensorbasierte Technologie entwickeln, was von meiner Liebe für Sensoren und Technik herrührt.	my desire to create a sensor-based technology perhaps stemmed from my lifelong love for sensors and technology.
			Mit den Millionen Besuchern, die jedes Jahr nach Venedig kommen, ist es tatsächlich einer der besten Orte, um den Versuch eines Museums der Zukunft zu wagen.	with the millions of visitors that come every year, it's actually one of the best places to try to invent the museum of the future.
			Die meisten Gastländer öffnen ihre Wirtschaft den Flüchtlingen nicht auf diese Weise.	most host countries don't open up their economies to refugees in the same way.
			Du und deine Mama gehören in den Knast. '"Ich habe mich immer getraut, Aboody alles zu erzählen.	you and your mom should be put in jail. '"i've never been afraid to tell aboody anything.
			Doch bedauerlicherweise wird zu oft nicht offen und ehrlich darüber gesprochen.	yet, unfortunately, too often, it's not talked about openly and honestly.
			Das ist eine Schuhfabrik.	it's a shoe factory.
			Und als Crystal in der Serie Brustkrebs bekam, haben zusätzliche 75.000 junger Frauen eine Mammografie machen lassen.	and when, onscreen, crystal got breast cancer, 75,000 more young women went to have mammographies done.
			Ich lernte, dass es wegen der ununterbrochenen Bewegung möglich ist.	on researching this, i realized that it's because it's a continuous motion.
			Schauen wir uns Hong Kong an, dort gibt es ein sehr interessantes System namens Octopus.	now if you look at hong kong, they have a very interesting system called octopus there.
			Man muss nicht lernen, wie man aufmerksam wirkt, wenn man tatsächlich aufmerksam ist.	there is no reason to learn how to show you're paying attention if you are in fact paying attention.
			Anfang der 70er Jahre haben wir Studien durchgeführt und festgestellt, dass Gangesgaviale sehr selten sind.	but we, actually, back in the early '70s, did surveys, and found that gharial were extremely rare.
			Sie hat die Samen in ihren Bauch gepackt und ihr Bauch wurde sehr groß und dann kam ich. "	she put the seeds in her belly — somehow — and her belly grew really big, and there i was. "
			Lasst uns sehen, welche Ergebnisse erscheinen.	see what comes up.
			Erzählen Sie mal davon.	tell me about that.
			Im Dorf nähert sich ihm ein Hund auf diese Weise - einer dieser schrecklichen Hunde, die man in einigen armen Ländern sieht, sogar in einigen Gegenden Amerikas, glaube ich - und er schaut einfach schrecklich aus.	and there, in the town, he's approached by a dog who comes like this — one of these terrible dogs you can see in some poor countries, even in america, i think, in some areas — and he's looking just terrible.
			Ich brauchte mehrere Jahre, aber mit Hilfe von einer unglaublich liebevollen Familie entschied ich schließlich, dass das Leben noch immer lebenswert war.	it took me several years, but with the help of an incredibly supportive family, i finally decided life was still worth living.
			Sie synchronisieren ihre Geräusche und Haltungen, um größer auszusehen und imposanter zu klingen. (Delfingeräusche) Hier haben wir Tümmler und wir sehen, wie sie ihr Verhalten und ihre Geräusche synchronisieren. (Delfingeräusche) Schauen Sie, wie sie mit ihrem Partner und der anderen Zweiergruppe synchronisieren.	they synchronize their sounds and their body postures to look bigger and sound stronger. (dolphins noises) now, these are bottlenose dolphins, and you'll see them starting to synchronize their behavior and their sounds. (dolphin noises) you see, they're synchronizing with their partner as well as the other dyad.
			Die Geschichte wurde und wird übrigens übersetzt und in mehreren europäischen Ländern veröffentlicht.	the story, by the way, has been translated and published across several european countries, and certainly will continue to do.
			Und dies ist, hoffe ich, ein kleiner Teil davon.	and this is, i hope, a little piece of it.
			Was ist der aktuelle Stand der Technik?	what is the current state of the art?
			Und das gilt nicht nur für die jungen, richtig?	and it's not just for the young, right?
			Wahrheit ist ein Wert.	truth is a value.
			Und da mein Eheman in Istanbul lebt, fing ich an, zwischen Arizona und Istanbul zu pendeln. Zwei Plätze auf der Erdoberfläche, die nicht unterschiedlicher sein könnten.	and since my husband is in istanbul, i started commuting between arizona and istanbul — the two places on the surface of earth that couldn't be more different.
			Das ist sehr wichtig.	this is very significant.
			In diesem Fall handelt es sich um einen Außenprojektion in Singapore auf diese riesige Time-Square-artige Leinwand.	so in this case, it's an outside projection for singapore on these giant times square-like screens.
			Aufgrund der Analysen der Korallen, denken wir, dass in der Eiszeit viel Kohlenstoff tief unten im Südpolarmeer vorhanden war und dass eine Schicht von geringer Dichte oben auf lag.	we think back in the glacial, from the analysis we've made in the corals, that the deep part of the southern ocean was very rich in carbon, and there was a low-density layer sitting on top.
			Weil ich ihn so fest halte fühle ich mich sonderbarerweise noch getrennter.	by holding it tightly, i feel strangely more detached.
			Sie machen Zucker zu Alkohol.	they can make sugar into alcohol.
			Jeden Morgen, ist die erste Sache, die ich mache – noch vor meinem ersten Kaffee – bevor ich mir die Zähne putze, öffne ich mein Notizbuch.	every day in the morning, the first thing i do, before my first cup of coffee, before i brush my teeth, i open my notebook.
			Zu jedem Land gibt es eine Art Durchschnittswert dieser Faktoren.	where a country is is a sort of average score on these things.
			Schlussendlich fand ich diese Inspirationsquelle, aber ich fand sie dort, wo ich sie am wenigsten erwartet hatte.	and i did, in the end, find that inspiration, but i found it in the most unlikely and unexpected place.
			Genauer gesagt können sie zwei Dinge tun, die frühere Generationen nicht getan haben.	specifically, they can do two things that previous generations have not done.
			♪ Zuhause ist ein Foto, das ich nie weggeworfen habe ♪	home is a photo i never threw away
			Wir müssen damit aufhören, so zu tun, als ob wir allwissend wären.	we need to stop that, to stop pretending to be omniscient beings.
			Ich sagte nur so aus Spaß, wirklich nur aus Spaß: "Ich habe das einmal ausgerechnet.	and i said as a joke — as a joke, i said, "i did the math.
			Abschließend möchte ich sagen, dass wir meiner Meinung nach mehr Biosymbiosen eingehen sollten, wie ich sie gezeigt habe, die durch ihre Umsetzung die Geschwindigkeit erhöhen, mit der grundlegende Entdeckungen gemacht werden.	so to conclude, i think we need to build biomutualisms, like i showed, that will increase the pace of basic discovery in their application.
			Jeder Dritte in diesem Publikum wird eine Krebsdiagnose bekommen, und jeder Vierte wird daran sterben.	one out of three people sitting in this audience will be diagnosed with some type of cancer, and one out of four will die because of it.
			Es war so, wissen Sie, sie stand da vor der Klasse und irgendwie war sie wirklich ganz typisch französisch.	it was like, you know, she was there in the class, you know, she was kind of typically french.
			Der Gedanke, dass man vielleicht verstehen kann, warum ein Gehirn funktioniert.	the notion that you can understand why a brain works, perhaps.
			Und im nächsten Jahr kommen sie natürlich in Horden zurück.	and then, of course, the next year it comes roaring back.
			Wenn man ein Foto von der Erde vor 2 Millionen Jahren machen würde, würde man darauf keinen Hinweis auf menschliches Leben entdecken, denn damals gab es, wie wir meinen, noch keine Menschen.	if you took a picture of the earth two million years ago, there'd be no evidence of humans at all, because we don't think there were humans yet.
			Im Gegensatz dazu werden Theta-Wellen mit großer kognitiver Arbeit, wie zum Beispiel Verarbeitung visueller Reize assoziiert, Dinge, über die der Fahrer recht viel nachdenkt.	in contrast, theta waves are associated with a lot of cognitive activity, like visual processing, things where the driver is thinking quite a bit.
			Ich war ein sehr kreatives Kind, das viel las und erst die Elektronik entdeckte, dann das Programmieren, als ich noch sehr jung war.	i was a very creative kid who read a lot, and got into electronics first, and then later, programming computers, when i was really young.
			Die Regierung von Großbritannien – jede Regierung ist potentiell der schlimmste Kunde der Welt, den man sich bloß vorstellen kann.	the british government — any government is potentially the worst client in the world you could ever possibly want to have.
			Ich möchte darlegen, dass auch wenn Afrika nicht die Frontlinie des Krieges gegen Terror ist es das bald sein könnte.	i want to argue that though africa is not the front line in the war against terror, it could be soon.
			Und ich möchte den Rahmen gern etwas weiter spannen, und das Gespräch über Mitgefühl von der globalen zur persönlichen Ebene bringen.	and i'd like to do a little collateral thinking, if you will, about compassion and bring it from the global level to the personal.
			Ich kann Sarah Palins Tochter weiter tanzen lassen.	i can keep sarah palin's daughter dancing.
			Das Lassa-Virus ähnelt Ebola sehr stark.	lassa virus is a lot like ebola.
			Ich bin schon lange an Essen interessiert.	i've been interested in food for a long time.
			Sie kommen eher ins Geschäft, wenn Sie zwei Optionen bieten.	you're going to more likely make the sale if you give them two options.
			Ich bin keine Immigrantin, kein Flüchtling oder Exilantin. Ich werde gefragt, warum ich das tue. Aber das Pendeln zwischen Sprachen ermöglicht es mir, mich selbst neu zu erfinden.	i'm not an immigrant, refugee or exile — they ask me why i do this — but the commute between languages gives me the chance to recreate myself.
			Ich zeige Ihnen, wie.	i'll show you how.
			Öffentlicher Raum. Das ist ein guter öffentlicher Raum.	public space. this is a good public space.
			Einige sagen, es sieht nicht gut aus.	the signs don't look good, some have said.
			Als ich dieses Bild machte, wurde mir klar, dass "Day to Night" eine wirklich neue Art des Sehens ist, die die Zeit komprimiert, und das Raum-Zeit-Kontinuum innerhalb eines Bildes erkundet.	when i created this picture, i realized that day to night is really a new way of seeing, compressing time, exploring the space-time continuum within a photograph.
			Und wir verlieren ein bisschen Zeit dabei. Keine großes Ding. Es macht keinen Unterschied. "Also gaben sie die 10 Behandlungen und die erste — die übliche Behandlung, war übrigen sechs bis acht und ist immer noch sechs bis acht — steckten mich an die Kabel an, versetzten mich in Schlaf, gaben mir ein Muskelrelaxant. Sechs half nicht. Sieben half nicht. Acht half nicht. Bei neun bemerkte ich — und es ist wundervoll, dass ich überhaupt etwas bemerkte — Ich bemerkte eine Veränderung.	and so we'll lose a little time. big deal. it doesn't make any difference. "so they gave the course of 10, and the first — the usual course, incidentally, was six to eight and still is six to eight. plugged me into the wires, put me to sleep, gave me the muscle relaxant.
			Mich interessierte, was in der Tüte los war, in der Tüte auf dem Spielwarenladenregal, wo diese Garnelen auf unbestimmte Zeit in suspendierter Animation herumlagen.	i was interested in what was going on in the bag, the bag on the toy store shelf where those shrimp sat in suspended animation indefinitely.
			Die Technik stellt hier den einfachen Teil dar.	and the way i describe it is this.
			Schließlich muss man in diesem Rahmen, irgendwo zwischen Seite 1 und 300 beantworten warum die Dinge passieren, wie sie passieren, und in welcher Reihenfolge.	because, after all, in that framework, between page one and 300, you have to answer this question of why things happen, how things happen, in what order they happen.
			Sie machen das, was wir stets gemacht haben, wenn wir mit riesigen Datenmengen konfrontiert sind, die wir nicht verstehen – nämlich ihnen einen Namen zu geben und eine Geschichte.	and they do what we've always done when confronted with huge amounts of data that we don't understand — which is that they give them a name and a story.
			Und das Problem war folgendes: Ich wollte das Objekt mit allen seinen Einzelheiten.	and the problem was that: i wanted the entirety of the object, i wanted the weight behind the object.
			Alles, wonach wir suchen.	all the right stuff.
			Sie können sich so ein Joystick bauen und Pacman auf Ihrem Computer finden und loslegen. (Videospiel-Geräusche) Kennen Sie die kleinen Plastikschubladen, die man kaufen kann?	and you can literally draw joysticks and just find pacman on your computer and then just hook it up. (video game noises) and you know the little plastic drawers you can get at target?
			Jedermann konzentriert sich auf die Dinge, die uns umbringen, und darauf konzentrierte ich mich ebenfalls.	everybody focuses on the things that kill us, and that's what i was focusing on.
			Eigenschaft Nummer drei: Sie sind die wirksamsten Heiler von Brüchen überhaupt.	they're also, number three, the most efficient repairers of fractures that we've ever encountered.
			SMSen hat eine sehr lockere Struktur.	and so, texting is very loose in its structure.
			(Video) Testpilot: Bis das Fahrzeug fliegt, bestehen 75 Prozent der Gefahr im ersten Flug.	(video) test pilot: until the vehicle flies, 75 percent of your risk is that first flight.
			Für uns hängt beides zusammen. Ich glaube, ohne Sicherheit gibt es keine Privatsphäre. Zuerst möchte ich etwas zur Sicherheit sagen, weil du nach Snowden und all dem gefragt hast, und dann sage ich etwas zur Privatsphäre.	we think about it in terms of both things, and i think you can't have privacy without security, so let me just talk about security first, because you asked about snowden and all of that, and then i'll say a little bit about privacy.
			Möchten Sie es daran messen, wie lange es dauerte, die maximale Körpergröße zu erreichen?	you want to measure it by the time it took to reach maximum body size?
			Das ist die Bewegung, die ich im Moment vorantreibe, und das ist die Bewegung und das Ziel meines Lebens.	that's the movement at the moment i'm driving, and that's the movement and ambition of my life.
			Im Wesentlichen sind sie zur Wahl gegangen um auszudrücken, dass sie niemandem wählen konnten.	basically they went to the ballot boxes to tell that they have nobody to vote for.
			Diese sehr intensive Zeit, die wir miteinander verbringen ist etwas, das wir schätzen und jedes Jahr freudig erwarten.	this very focused time we get to spend together is something we cherish and anticipate the entire year.
			Und fast täglich müssen sie dafür ihre Leben riskieren.	and they have to risk their lives almost every day to do this.
			Es gibt nichts vergleichbares zu Al-Quaida, ohne den Terrorismus, für Demokratie in mehrheitlich muslimischen Gesellschaften.	there is no equivalent of the al-qaeda, without the terrorism, for democracy across muslim-majority societies.
			Und was fanden wir dort?	and what did we find?
			Das sind Dinge die von der Geschäftswelt bereitgestellt werden.	those are the things to be provided by the business community.
			Sie sind uns heilig und wir geben unser Bestes, um sie zu hegen, zu pflegen und zu schützen.	we call them sacred, and we do our best to cherish them, to protect them and to keep them safe.
			Mit dem Computermodell können wir unser Sprachmodell testen.	given the computer model, we can test the model by essentially quizzing it.
			der von Experten beurteilt und veröffentlicht wird.	it's subject to peer review and subject to publication.
			Wie viel hat es gekostet? "Ich sagte," Es ist mein Preis von einem Kunstwettbewerb ".	you know, like just adjacent to me. he just started asking, "where did you buy the radio?
			Vor langer Zeit hast du den Namen der neun Musen einen Abschiedskuss gegeben. und du hast zugeschaut, wie die quadratische Gleichung ihre Tasche packt.	long ago, you kissed the names of the nine muses good-bye and you watched the quadratic equation pack its bag.
			In Niger war ich verblüfft, wie die Einheimischen eine andere Art Wüstenquelle nutzen.	in niger, i was amazed to see how the locals learned how to exploit a different kind of desert spring.
			Das war ein vollgestopftes Kapitel mit Malerei von schwarzen Menschen und schwarzen Malern.	now, this was a crammed in section that had representations of black people in painting and black people who painted.
			Und wir können das Ende von Moores Gesetz seit einiger Zeit vorhersagen – die ersten Vorhersagen lauteten 2002, aktuell sagen sie 2022.	and because we've been predicting the end of moore's law for quite a long time — the first prediction said 2002, until now it says 2022.
			Und jeder dieser Vögel, der die Überquerung des Ozeans von Indien nach Ostafrika schafft, frisst Insekten. Große Insekten von der Größe einer Libelle.	and every one of these birds that makes the crossing from india to east africa eats insects, large insects, the size of dragonflies.
			Die große konservative Erkenntnis ist, dass Ordnung schwer zu erreichen ist.	the great conservative insight is that order is really hard to achieve.
			Denn falls wir das nicht tun, werden wir uns irgendwann wie Außerirdische fühlen, in Unternehmen und Gesellschaften, die voll von intelligenten Maschinen sind, die kein Verständnis für das Unnötige, das Vetraute, das Unvollständige und sicher nicht für das Hässliche haben.	because if we don't, we might end up feeling like aliens in organizations and societies that are full of smart machines that have no appreciation whatsoever for the unnecessary, the intimate, the incomplete and definitely not for the ugly.
			Vielleicht haben Sie dabei einen Hintergedanken, vielleicht nicht.	maybe you have something in mind, maybe not.
			Es wird dann in die Umkleide gebracht, und in der Umkleide gibt es auch Scanner damit wir genau wissen welche Kleidungsstücke du in der Umkleide hast.	it's taken into the dressing room, and in the dressing room there are scanners so that we know exactly what clothing you have in the dressing room.
			Und nach jeder Fahrt sitzen wir zusammen und sprechen über Momente, in denen diese besonderen Worte des Tages aufgetaucht sind und einen Unterschied gemacht haben. Und diese Diskussionen können außerordentlich inspirierend sein.	and at the end of each ride, we sit together and share moments in which those special words of the day popped up and made a difference, and these discussions can be extremely inspiring.
			Man kann die Hardware verschiedene Dinge zu verschiedenen Zeiten tun lassen. Oder eine Hardware führt verschiedene Dinge aus.	you can take a hardware and have that hardware do different things at different times, or have different parts of the hardware doing different things.
			Er macht seine eigenen CDs.	he makes his own cds.
			Bis vor ein paar Jahren half absolut nichts. Dann sahen sich meine sechsjährigen Töchter einen Rollstuhlkatalog an und meinten,	nothing whatsoever worked until a few years ago, my six-year-old daughters were looking at this wheelchair catalog that i had, and they said,
			Damit komme ich zur letzten der großen Fragen: Die Zukunft der Menschheit.	this brings me to the last of the big questions: the future of the human race.
			CA: Das wäre eine große Story. (Lachen) Wie stehen Ihrer Ansicht nach die Chancen, dass auf irgendeinem anderen Planeten Leben herumläuft, das nicht auf Kohlenstoff basiert, läuft oder kriecht oder so?	ca: that would be a big story. (laughter) in your own mind, what do you believe the chances are that walking around on some other planet is non-carbon-based life, walking or oozing or something?
			Das heißt, wir sind aufgewacht und haben nach Luft geschnappt. Denn unsere Blutzusammensetzung hatte sich geändert.	so you'd wake up gasping with breath, because your blood chemistry has changed.
			Grün, gelb und rot kategorisieren Meerestierarten.	green, yellow and red lists [of] seafood species.
			Ich werde Woche um Woche wieder zurück kommen. "Und Schritt drei begann, als mir bewusst wurde, das ich keine Gedichte schreiben musste, die zornig waren, wenn ich es nicht war.	i will keep coming back week after week. "and step three began when i realized i didn't have to write indignant poems, if that's not what i was.
			Zehn Seiten voller Gleichungen später konnten wir wirklich die gesamte, analytische Lösung für dieses dynamische System aufschreiben.	ten pages of math later, we could actually write down the complete analytical solution for this dynamic system.
			Wir vermuten also ganz selbstverständlich, dass es einen Kern oder eine Essenz von uns gibt, die erschlossen werden muss.	so i think that we have a common-sense idea that there is a kind of core or essence of ourselves to be discovered.
			Hier einmal vorher, und einmal danach.	here's the before, and here's the after.
			Ich sagte nur so aus Spaß, wirklich nur aus Spaß: "Ich habe das einmal ausgerechnet.	and i said as a joke — as a joke, i said, "i did the math.
			Tests zeigen, dass Sie sich Tage später viel besser daran erinnern, dass ich von einem Stuhl sprach.	you can do tests that show that you'll remember that i was talking about a chair a couple of days later a lot better.
			Bis vor wenigen Monaten wurde Guatemala von korrupten ehemaligen Militäroffizieren mit Verbindungen zum organisierten Verbrechen regiert.	until a few months ago, guatemala was ruled by corrupt former military officials with ties to organized crime.
			Er ist sehr egoistisch: er befördert nur ein bis zwei Menschen, und er fragt dauernd nach neuer Infrastruktur. Autobahnen. Er ist sehr fordernd.	very egotistical: he carries only one or two people and he asks always for more infrastructure. freeways. he's a very demanding person.
			Nein, nein, das stimmt nicht: Ich trat 1956 bei, verließ sie 1959, arbeitete an der Universität von Washington, und nachdem ich einen Artikel in einem Magazin gelesen hatte, entwickelte ich eine Idee für eine neue Art von Grammophon-Tonarm.	no, no, that's not true: i went in in 1956, came out in 1959, was working at the university of washington, and i came up with an idea, from reading a magazine article, for a new kind of a phonograph tone arm.
			Über einen Zeitraum von 20 Jahren hinweg wandte man sich mit Artikeln und Klagen an die Kirche: "Ihr könnt uns doch nicht erzählen, wie wir unser Leben zu führen haben.	it was something that happened over the space of 20 years of editorials and complaints, saying to the church, "you can't possibly tell us how to live our lives.
			Niemand schenkte ihm Aufmerksamkeit.	no one was paying attention.
			Es ist der perfekte Fahrmechanismus.	it's the perfect driving mechanism.
			So würde Nicole aussehen, wenn wir nicht tun würden, was wir tun.	this is what nicole would look like if we weren't doing what we were doing.
			Mit 19 half ich einer Freundin, deren Eltern sie mit einem älteren Mann zwangsverheiratet hatten, aus einer missbräuchlichen Ehe zu fliehen.	at 19, i helped a friend whose parents had forcefully married her to an older man escape an abusive marriage.
			Meistens heißt das Schattenwirtschaft, Untergrund-Wirtschaft, Schwarzmarkt.	it's traditionally called the informal economy, the underground economy, the black market.
			Wind und Solar helfen nicht, da wir bisher diese Energie nicht zu speichern vermögen.	wind and solar can't help, because so far we don't have a way to store that energy.
			Keine einzelne Erzählung erfüllt die Bedürfnisse von allen an allen Orten.	no single narrative serves the needs of everyone everywhere.
			Dann gibt es noch Dan Etete.	and then there's dan etete.
			Als die Himmel aufklarten, war eine neue Welt enststanden.	when the skies cleared, a new world was born.
			Ich bin doch der abgebrühte Abenteurer.	i'm supposed to be the roughty toughty explorer type.
			Und irgendwann kommt der Boden der Tiefsee in den Blick.	and eventually, the deep sea floor would come into view.
			Vielen Dank.	thank you.
			Und schließlich gebe ich die Sache auf.	and eventually, i would let it go.
			Es ist ein Wettkampf den wir veranstalten, der zweite X-Preis, für das erste Team, das die Sequenzierung von 100 menschlichen Genomen in 10 Tagen schafft.	it's a competition we're holding, the second x prize, for the first team to sequence 100 human genomes in 10 days.
			Ich habe einen Schwager namens Bobo – das ist eine ganz andere Geschichte.	i have a brother in-law named bobo, which is a whole other story.
			Deshalb Death Valley (das Tal des Todes).	hence, death valley.
			Es gibt fast keine tauben Chirurgen.	there are almost no deaf surgeons anywhere.
			Um genau zu sein, er sah aus wie ein Gebäude, das wir für ein Hotel im Norden Schwedens entworfen hatten.	in fact he looked like a building we had designed for a hotel in the north of sweden.
			Und wenn alles glatt läuft wird man in ein oder zwei Wochen wissen, wo die Epidemie heute war.	and if everything goes smoothly, one to two weeks from now you'll know where the epidemic was today.
			Können Sie uns zeigen, was für ein guter Pilot Sie sind?	can you show us how good of a pilot you are?
			Die Bäume sind übrigens häufiger dann beliebt, wenn sie sich in Bodennähe gabeln, wenn sie sozusagen Bäume sind, die man hochklettern könnte, wenn man in der Klemme steckt.	the trees, by the way, are often preferred if they fork near the ground, that is to say, if they're trees you could scramble up if you were in a tight fix.
			Der Präsident der Malediven hat kürzlich ein Scheinkabinett-Treffen unter Wasser geleitet, um den Ernst der Lage dieser Länder einmal mehr zu verdeutlichen.	the president of the maldives conducted a mock cabinet meeting underwater recently to highlight the dire straits of these countries.
			Man braucht so etwas wie zig Megatonnen an Wasser – beinahe eine Gigatonne an Wasser – um eine Chance zu haben, das Neutrino zu erwischen.	you need something like tens of megatons of water — almost a gigaton of water — in order to have any chance of catching this neutrino.
			AV: Ein kurzes Bonus-Tabu für Sie, dass wir nicht zusammen arbeiten sollten, ganz besonders mit drei Kindern — aber wir tun es trotzdem.	av: a quick bonus taboo for you, that we should not be working together, especially with three children — and we are.
			Und wir haben Experimente durchgeführt, die zeigen, dass je länger eine Ameise sich draussen aufhält, desto mehr sich die einfache Hydrokarbone auf ihrer Oberfläche sich verändern. Dadurch riechen die Ameisen dadurch unterschiedlich, dass sie unterschiedliche Arbeiten ausführen.	and we've done experiments that show that that's because the longer an ant stays outside, the more these simple hydrocarbons on its surface change, and so they come to smell different by doing different tasks.
			All diese Expertise in diesem einen Raum, wenn wir uns alle zusammentäten, könnten wir die Welt verändern.	in this room, all this expertise, if we joined it all together, we could change the world.
			Außerdem haben sie ein großes Fassungsvermögen.	they also have great capacity.
			Und so funktioniert ein Crash-Test.	and then, here's how the crash test works.
			Nicht, dass das weithergeholt wäre oder so.	it makes perfect sense.
			Das Neue ist die Aufstockung und die Gesichter der Ärzte an sich: ein ELAM-Absolvent ist häufiger eine Frau als ein Mann; im Amazonas, in Peru oder Guatemala, ein indigener Arzt. In den USA, ein Schwarzer, der perfekt Spanisch spricht.	what's new is the scaling up and the faces of the doctors themselves: an elam graduate is more likely to be a she than a he; in the amazon, peru or guatemala, an indigenous doctor; in the usa, a doctor of color who speaks fluent spanish.
			Er hatte PTBS und Höhenangst, weil er sich in Vietnam über Abgründen rückwärts aus Helikoptern abseilen musste. Er bekam einen Partnerhund namens Gander, einen Labradoodle, um ihm mit PTBS und Höhenangst zu helfen.	and he had ptsd and also a fear of heights, because in vietnam, he had been rappelling backwards out of helicopters over the skids, and he was givena service dog named gander, a labradoodle, to help him with ptsd and his fear of heights.
			Tom macht seine Brotdose auf und es ist Reis darin, daraufhin mault er "Zwanzig Jahre lang hat mir meine Frau jetzt Reis als Mittagessen eingepackt.	and tom opens up his lunch box and there's rice in it, and he goes on this rant about, "twenty years, my wife has been packing rice for lunch.
			Aber wir haben ja gesehen, wozu das führt.	but, of course, we've seen what that does.
			Travis Kalanick: Danke!	travis kalanick: thank you.
			Wenn ich ihr einen Gamora-Rucksack kaufen will, dann ist Gamora nicht drauf.	if i wanted to buy her a gamora backpack, well, gamora's not on it.
			Diese Männer bedeckten die Wände mit einem Fries aus reiner Farbe. In diesen Geschichten entdeckt man bekannte Landschaften. Die Künstler malten römische Denkmäler oder eine toskanische Landschaft, um eine Geschichte, die in fernen Ländern spielt, vertrauter zu machen.	these men, they blanketed the walls with a frieze of pure color, and in these stories you'll notice familiar landscapes, the artists using roman monuments or a tuscan landscape to render a faraway story, something much more familiar.
			Aber ich sortierte mich neu, suchte nach neuen Träumen und entschied mich letztlich, Wissenschaftlerin zu werden. Vielleicht der nächste Albert Einstein.	but i gathered myself, went off in search of a new dream, eventually settling on being a scientist, perhaps something like the next albert einstein.
			(Gelächter)	(laughter)
			Und zwar nicht nur für sie selbst, sie ernähren auch Dörfer und sorgen für Wirtschaftswachstum.	so when farmers become more productive, they earn more food, and they don't just help themselves, but they help to feed healthy communities and thriving economies.
			Als diese Mudschahedin die Sowjetunion bezwungen hatten, haben wir uns zurückgelehnt.	when those mujahideen defeated the soviet union, we disengaged.
			Ihr Nutzen variiert und trägt zur Veränderung im gesellschaftlichen Umgang mit älteren Menschen bei.	their usefulness varies and contributes to variation in the society's treatment of the elderly.
			Ich gebe Ihnen ein Beispiel aus Ägypten, um das deutlicher zu machen.	to tell you what i mean, consider this trend in egypt.
			In der Nacht sterbe ich.	in the night, i die.
			Bist du die Idee, die zu mir passt?	are you that idea that matches with who i really am?
			Vielen Dank.	thank you very much.
			Schließlich sind Parasiten eher klein und verbringen einen Großeil ihrer Zeit in den Körpern von anderen. Man übersieht sie leicht, aber das heißt nicht, dass sie nicht wichtig sind.	they're easy to overlook, but that doesn't mean that they aren't important.
			Als die Leute in den 70ern wieder begannen darüber nachzudenken, sagten sie: "Natürlich gibt es bei Schizophrenie Schlafstörungen, die Leute nehmen doch Neuroleptika." Es sind die Neuroleptika, die die Schlafstörungen verursachen.	in the 1970s, when people started to think about this again, they said, "yes, well, of course you have sleep disruption in schizophrenia, because they're on antipsychotics.
			Ich möchte ja, dass Spiele für Gutes auf der Welt stehen, ich möchte nicht, dass Spieler die Zeit bereuen, die sie mit Spielen verbracht haben, zu denen ich sie ermutigt habe.	i want games to be a force for good in the world. i don't want gamers to regret the time they spent playing, time that i encouraged them to spend.
			Aber er schien nervös.	but he seemed nervous.
			Ich denke, wir sollten es noch eindeutiger machen.	i think we should make this even more explicit.
			Aber es gibt ein paar Dinge, die ich sagen kann.	but here are a couple things i can say.
			Und 150 Grossmütter wurden in Sierra Leoneausgebildet.	and 150 grandmothers have been trained in sierra leone.
			Das Zugänglichmachen der Daten ist eines davon, aber noch wichtiger ist es, viele neue Möglichkeiten der Teilnahme zu schaffen und zu moderieren.	obviously opening up the data is one, but the important thing is to create lots more — create and curate — lots more participatory opportunities.
			Ich denke, wenn wir uns gegenseitig eingestehen können, dass wir alle versuchen, uns der Wahrheit über unsere Gesellschaft anzunähern, können daraus viel nuanciertere und viel interessantere Dialoge entstehen.	and i think if we can just admit that we're all trying to approximate the truth of our own communities, it will make for a much more nuanced and a much more interesting conversation.
			Je weiter rechts, desto mehr.	further to the right is more.
			Die Antwort ist: Nein.	and the answer is no.
			Vor zwei Jahren wurde ich eingeladen, an einer Ausstellung zu 100 Jahren Islamischer Kunst in Europa als Künstlerin teilzunehmen.	two years ago, i was invited as an artist to participate in an exhibition commemorating 100 years of islamic art in europe.
			Trotz der guten Idee ohne sich bewegende Teile - es konnten hohe Temperaturen erreicht werden - war es nicht genug.	so even this, although it was great with no moving parts — we could achieve high temperatures — wasn't enough.
			Also fragte ich mich vor ein paar Jahren "Können wir das weiter voranbringen und andere Krebsarten behandeln, vielleicht sogar in anderen Lebewesen?" Hier ist also ein neun Jahre alter Boxer namens Milo, der einen sehr agressiven Tumor hatte genannt ein malignes Neurofibrom, das auf der Schulter wuchs.	so a few years ago, i asked myself, "can we take this one step further and treat other cancers, even in other species?" so here is a nine year-old boxer named milo, who had a very aggressive tumor called a malignant neurofibroma growing on his shoulder.
			Kommt es Ihnen grün und angenehm vor?	does it seem green and friendly?
			Danke.	thank you.
			Wir waren nicht fokusiert, wir haben nicht getan, was wir hätten tun sollen und jetzt droht die Hölle auf Erden. Danke.	we've not been focused, we've not done what we had to do, and now we're facing the potential of bad, hell on earth. thank you.
			Es ist eine Feuerwalze oder ein Manteltier.	it's called a pyrosome or colonial tunicate, if you like.
			Ihre Körper sind wunderbar, so wie sie sind.	you bodies are wonderful as they are.
			Sie wird im Golf von Guinea verübt.	it's active in the gulf of guinea.
			Wir haben einen Bogen im Fuß, der wie eine Feder wirkt, kleine Zehen, mit denen man sich besser abstößt als nach Ästen zu greifen, und wenn wir rennen, drehen wir Oberkörper und Schultern, während der Kopf gerade bleibt.	we have an arch in our foot that acts like a spring, short toes that are better for pushing off than for grasping tree limbs, and when we run, we can turn our torso and our shoulders like this while keeping our heads straight.
			Eines der coolsten Sachen ist, "Makerbot" verschickte ein Upgrade, ein paar neue Bausteine für die Box.	one of the coolest things is, makerbot sent out an upgrade, some new brackets for the box.
			Es beweist, dass Computer zuhören und verstehen können.	it shows that computers can listen and understand.
			Lassen Sie es mich zu Protokoll geben und sagen, Verletzlichkeit ist der Geburtsort von Innovation, Kreativität und Veränderung. (Applaus) Erschaffen heißt, etwas zu machen, das nie zuvor existierte.	(laughter) so let me go on the record and say, vulnerability is the birthplace of innovation, creativity and change. (applause) to create is to make something that has never existed before.
			Die Offenbarung vom 11. September ist, dass selbst die mächtigste Nation der Erde, trotz allem von denjenigen, die diesen Raum bevölkern, angegriffen werden kann, selbst in der symbolträchtigsten Stadt an einem klaren Septembermorgen.	the revelation of 9 / 11 is that even if you are the most powerful nation on earth, nevertheless, those who inhabit that space can attack you even in your most iconic of cities one bright september morning.
			Also, würde man zum dem selben Publikum gehen und sagen: "Ich möchte Ihnen einen Vortrag halten über Recht und Unrecht." würden die sagen: "Danke sehr, aber wir haben anderes zu tun." Und DAS ist die erstaunliche Kraft der Kunst.	now, if i were to go into the same crowd and say, "i want to lecture you about justice and injustice," they would say, "thank you very much, we have other things to do." and that is the astonishing power of art.
			Menschen im Radio, vor allem auf NPR, sind sich bewusst, dass sie aufgenommen werden. Sie sind daher vorsichtiger damit, sich als Experte für etwas auszugeben, oder zu behaupten, etwas 100% -ig zu wissen. Tun Sie das. Gehen Sie auf Nummer sicher.	now, people on the radio, especially on npr, are much more aware that they're going on the record, and so they're more careful about what they claim to be an expert in and what they claim to know for sure. do that. err on the side of caution.
			Er geht hin und trifft den Gouverneur.	he goes and sees the governor.
			Der Kurs dauerte also 10 Wochen, und am Ende hatte die Hälfte der 160.000 Studenten zumindest ein Video pro Woche angesehen. Über 20.000 machten alle Hausübungen, was 50 bis 100 Stunden Arbeit bedeutete.	now, the class ran 10 weeks, and in the end, about half of the 160,000 students watched at least one video each week, and over 20,000 finished all the homework, putting in 50 to 100 hours.
			Und ihr müsst vorbei kommen und es anschauen - es wird eine wahnsinnige Story.	and you ought to come and see it — it's going to be a hell of a story.
			Eine weitere Aussage von Esther war, dass wir reagieren, wenn es zu einer Tragödie wie Haiti kommt, aber dies ist eine andauerndeTragödie.	another comment of esther's was that we react when there's a tragedy like haiti, but that tragedy is ongoing.
			Aber vielleicht ist dies das ultimative Geschenk des Feminismus, dass das Persönliche tatsächlich politisch ist.	and perhaps this is the ultimate gift of feminism, that the personal is in fact the political.
			Im Gespräch mit Colum McCann an jenem Tag fiel endlich der Groschen. "Alle Erfahrung ist lokal," sagte er. "Jede Identität ist Erfahrung", dachte ich. "Ich gehöre keiner Nation an", verkündete ich auf der Bühne. "Ich bin einem und zugleich vielen Orten verbunden."	speaking with colum mccann that day, the penny finally dropped. "all experience is local," he said. "all identity is experience," i thought. "i'm not a national," i proclaimed onstage. "i'm a local.
